{
  "timestamp": "20251015_215657",
  "modelo_usado": "modelo_altura_random_forest_20251015_215630.pkl",
  "n_muestras": 12,
  "factor_multiplicativo": 1.0143481613755012,
  "offset_aditivo": 2.1960373256373535,
  "error_promedio": 2.1960373256373535,
  "error_std": 5.925950000862601,
  "alturas_reales": [
    170.0,
    170.0,
    170.0,
    170.0,
    170.0,
    170.0,
    170.0,
    170.0,
    170.0,
    170.0,
    170.0,
    170.0
  ],
  "predicciones_originales": [
    174.18676807359307,
    174.26976807359307,
    166.77806966089463,
    162.6392579365079,
    175.03414924242418,
    174.76702164502163,
    162.99678055555557,
    163.2576317460317,
    158.6561857142857,
    174.37152499999993,
    163.43276269841266,
    163.2576317460317
  ],
  "errores": [
    -4.186768073593072,
    -4.26976807359307,
    3.22193033910537,
    7.360742063492097,
    -5.034149242424178,
    -4.767021645021629,
    7.003219444444426,
    6.742368253968294,
    11.343814285714302,
    -4.371524999999934,
    6.56723730158734,
    6.742368253968294
  ]
}